<?xml version="1.0" encoding="utf-8"?>
<!--
- phpMyAdmin XML Dump
- version 3.3.2deb1ubuntu1
- http://www.phpmyadmin.net
-
- Host: localhost
- Generation Time: Apr 10, 2014 at 06:29 AM
- Server version: 5.1.69
- PHP Version: 5.3.2-1ubuntu4.19
-->

<pma_xml_export version="1.0" xmlns:pma="http://www.phpmyadmin.net/some_doc_url/">
    <!--
    - Structure schemas
    -->
    <pma:structure_schemas>
        <pma:database name="cmsmasters" collation="latin1_swedish_ci" charset="latin1">
            <pma:table name="wp_options">
                CREATE TABLE `wp_options` (
                  `option_id` bigint(20) unsigned NOT NULL AUTO_INCREMENT,
                  `option_name` varchar(64) NOT NULL DEFAULT '',
                  `option_value` longtext NOT NULL,
                  `autoload` varchar(20) NOT NULL DEFAULT 'yes',
                  PRIMARY KEY (`option_id`),
                  UNIQUE KEY `option_name` (`option_name`)
                ) ENGINE=MyISAM AUTO_INCREMENT=1516676 DEFAULT CHARSET=utf8;
            </pma:table>
        </pma:database>
    </pma:structure_schemas>

    <!--
    - Database: 'cmsmasters'
    -->
    <database name="cmsmasters">
        <!-- Table wp_options -->
        <table name="wp_options">
            <column name="option_id">136</column>
            <column name="option_name">cmsms_active_theme</column>
            <column name="option_value">econature</column>
            <column name="autoload">yes</column>
        </table>
        <table name="wp_options">
            <column name="option_id">141</column>
            <column name="option_name">cmsms_options_econature_code</column>
            <column name="option_value">a:7:{s:24:&quot;econature_google_analytics&quot;;s:444:&quot;&lt;script&gt;
  (function(i,s,o,g,r,a,m){i[\'GoogleAnalyticsObject\']=r;i[r]=i[r]||function(){
  (i[r].q=i[r].q||[]).push(arguments)},i[r].l=1*new Date();a=s.createElement(o),
  m=s.getElementsByTagName(o)[0];a.async=1;a.src=g;m.parentNode.insertBefore(a,m)
  })(window,document,\'script\',\'//www.google-analytics.com/analytics.js\',\'ga\');

  ga(\'create\', \'UA-49848479-1\', \'cmsmaters.net\');
  ga(\'send\', \'pageview\');

&lt;/script&gt;&quot;;s:18:&quot;econature_custom_css&quot;;s:0:&quot;&quot;;s:17:&quot;econature_custom_js&quot;;s:0:&quot;&quot;;s:15:&quot;econature_api_key&quot;;s:0:&quot;&quot;;s:18:&quot;econature_api_secret&quot;;s:0:&quot;&quot;;s:20:&quot;econature_access_token&quot;;s:0:&quot;&quot;;s:27:&quot;econature_access_token_secret&quot;;s:0:&quot;&quot;;}</column>
            <column name="autoload">yes</column>
        </table>
        <table name="wp_options">
            <column name="option_id">330684</column>
            <column name="option_name">cmsms_options_econature_color_default</column>
            <column name="option_value">a:7:{s:21:&quot;econature_default_color&quot;;s:7:&quot;#707070&quot;;s:20:&quot;econature_default_link&quot;;s:7:&quot;#ff6b6b&quot;;s:21:&quot;econature_default_hover&quot;;s:7:&quot;#3d3d3d&quot;;s:23:&quot;econature_default_heading&quot;;s:7:&quot;#3d3d3d&quot;;s:18:&quot;econature_default_bg&quot;;s:7:&quot;#ffffff&quot;;s:25:&quot;econature_default_alternate&quot;;s:7:&quot;#fdfdfd&quot;;s:22:&quot;econature_default_border&quot;;s:7:&quot;#dadada&quot;;}</column>
            <column name="autoload">yes</column>
        </table>
        <table name="wp_options">
            <column name="option_id">161</column>
            <column name="option_name">cmsms_options_econature_color_fifth</column>
            <column name="option_value">a:7:{s:19:&quot;econature_fifth_color&quot;;s:7:&quot;#ffffff&quot;;s:18:&quot;econature_fifth_link&quot;;s:7:&quot;#ffffff&quot;;s:19:&quot;econature_fifth_hover&quot;;s:7:&quot;#ffffff&quot;;s:21:&quot;econature_fifth_heading&quot;;s:7:&quot;#ffffff&quot;;s:16:&quot;econature_fifth_bg&quot;;s:7:&quot;#48c0e1&quot;;s:23:&quot;econature_fifth_alternate&quot;;s:7:&quot;#78c3eb&quot;;s:20:&quot;econature_fifth_border&quot;;s:7:&quot;#89c0e5&quot;;}</column>
            <column name="autoload">yes</column>
        </table>
        <table name="wp_options">
            <column name="option_id">157</column>
            <column name="option_name">cmsms_options_econature_color_first</column>
            <column name="option_value">a:7:{s:19:&quot;econature_first_color&quot;;s:7:&quot;#707070&quot;;s:18:&quot;econature_first_link&quot;;s:7:&quot;#ff6b6b&quot;;s:19:&quot;econature_first_hover&quot;;s:7:&quot;#3d3d3d&quot;;s:21:&quot;econature_first_heading&quot;;s:7:&quot;#3d3d3d&quot;;s:16:&quot;econature_first_bg&quot;;s:7:&quot;#ffffff&quot;;s:23:&quot;econature_first_alternate&quot;;s:7:&quot;#fdfdfd&quot;;s:20:&quot;econature_first_border&quot;;s:7:&quot;#dadada&quot;;}</column>
            <column name="autoload">yes</column>
        </table>
        <table name="wp_options">
            <column name="option_id">330675</column>
            <column name="option_name">cmsms_options_econature_color_footer</column>
            <column name="option_value">a:7:{s:20:&quot;econature_footer_color&quot;;s:7:&quot;#707070&quot;;s:19:&quot;econature_footer_link&quot;;s:7:&quot;#cacaca&quot;;s:20:&quot;econature_footer_hover&quot;;s:7:&quot;#ff6b6b&quot;;s:22:&quot;econature_footer_heading&quot;;s:7:&quot;#ffffff&quot;;s:17:&quot;econature_footer_bg&quot;;s:7:&quot;#3d3d3d&quot;;s:24:&quot;econature_footer_alternate&quot;;s:7:&quot;#414141&quot;;s:21:&quot;econature_footer_border&quot;;s:7:&quot;#5a5a5a&quot;;}</column>
            <column name="autoload">yes</column>
        </table>
        <table name="wp_options">
            <column name="option_id">160</column>
            <column name="option_name">cmsms_options_econature_color_fourth</column>
            <column name="option_value">a:7:{s:20:&quot;econature_fourth_color&quot;;s:11:&quot;#494949|100&quot;;s:19:&quot;econature_fourth_link&quot;;s:10:&quot;#020202|30&quot;;s:20:&quot;econature_fourth_hover&quot;;s:11:&quot;#ff6b6b|100&quot;;s:22:&quot;econature_fourth_heading&quot;;s:11:&quot;#48c0e1|100&quot;;s:17:&quot;econature_fourth_bg&quot;;s:11:&quot;#ffffff|100&quot;;s:24:&quot;econature_fourth_alternate&quot;;s:11:&quot;#ffffff|100&quot;;s:21:&quot;econature_fourth_border&quot;;s:11:&quot;#dadada|100&quot;;}</column>
            <column name="autoload">yes</column>
        </table>
        <table name="wp_options">
            <column name="option_id">330546</column>
            <column name="option_name">cmsms_options_econature_color_header</column>
            <column name="option_value">a:13:{s:20:&quot;econature_header_color&quot;;s:11:&quot;#ffffff|100&quot;;s:19:&quot;econature_header_link&quot;;s:11:&quot;#3c3c3c|100&quot;;s:20:&quot;econature_header_hover&quot;;s:11:&quot;#48c0e1|100&quot;;s:17:&quot;econature_header_bg&quot;;s:11:&quot;#ffffff|100&quot;;s:23:&quot;econature_header_hover_bg&quot;;s:9:&quot;#ffffff|0&quot;;s:21:&quot;econature_header_border&quot;;s:11:&quot;#c6c6c6|100&quot;;s:28:&quot;econature_header_dropdown_link&quot;;s:11:&quot;#9e9e9e|100&quot;;s:29:&quot;econature_header_dropdown_hover&quot;;s:11:&quot;#3d3d3d|100&quot;;s:26:&quot;econature_header_dropdown_bg&quot;;s:11:&quot;#ffffff|100&quot;;s:32:&quot;econature_header_dropdown_hover_bg&quot;;s:11:&quot;#fbfbfb|100&quot;;s:30:&quot;econature_header_dropdown_border&quot;;s:11:&quot;#ebebeb|100&quot;;s:30:&quot;econature_header_dropdown_shadow&quot;;i:1;s:38:&quot;econature_header_dropdown_shadow_opacity&quot;;s:1:&quot;2&quot;;}</column>
            <column name="autoload">yes</column>
        </table>
        <table name="wp_options">
            <column name="option_id">330664</column>
            <column name="option_name">cmsms_options_econature_color_header_top</column>
            <column name="option_value">a:10:{s:24:&quot;econature_header_top_color&quot;;s:7:&quot;#9c9c9c&quot;;s:23:&quot;econature_header_top_link&quot;;s:7:&quot;#9c9c9c&quot;;s:24:&quot;econature_header_top_hover&quot;;s:7:&quot;#ffffff&quot;;s:21:&quot;econature_header_top_bg&quot;;s:7:&quot;#3d3d3d&quot;;s:25:&quot;econature_header_top_border&quot;;s:7:&quot;#333333&quot;;s:32:&quot;econature_header_top_dropdown_link&quot;;s:7:&quot;#838383&quot;;s:33:&quot;econature_header_top_dropdown_hover&quot;;s:7:&quot;#ffffff&quot;;s:30:&quot;econature_header_top_dropdown_bg&quot;;s:7:&quot;#3d3d3d&quot;;s:34:&quot;econature_header_top_dropdown_border&quot;;s:7:&quot;#333333&quot;;s:34:&quot;econature_header_top_dropdown_shadow&quot;;i:1;}</column>
            <column name="autoload">yes</column>
        </table>
        <table name="wp_options">
            <column name="option_id">158</column>
            <column name="option_name">cmsms_options_econature_color_second</column>
            <column name="option_value">a:7:{s:20:&quot;econature_second_color&quot;;s:7:&quot;#6c737f&quot;;s:19:&quot;econature_second_link&quot;;s:7:&quot;#30aacd&quot;;s:20:&quot;econature_second_hover&quot;;s:7:&quot;#ed569d&quot;;s:22:&quot;econature_second_heading&quot;;s:7:&quot;#ffffff&quot;;s:17:&quot;econature_second_bg&quot;;s:7:&quot;#ffffff&quot;;s:24:&quot;econature_second_alternate&quot;;s:7:&quot;#fbfbfb&quot;;s:21:&quot;econature_second_border&quot;;s:7:&quot;#ebebeb&quot;;}</column>
            <column name="autoload">yes</column>
        </table>
        <table name="wp_options">
            <column name="option_id">257</column>
            <column name="option_name">cmsms_options_econature_color_sixth</column>
            <column name="option_value">a:7:{s:19:&quot;econature_sixth_color&quot;;s:7:&quot;#dd3333&quot;;s:18:&quot;econature_sixth_link&quot;;s:7:&quot;#dd9933&quot;;s:19:&quot;econature_sixth_hover&quot;;s:7:&quot;#81d742&quot;;s:21:&quot;econature_sixth_heading&quot;;s:7:&quot;#1e73be&quot;;s:16:&quot;econature_sixth_bg&quot;;s:7:&quot;#ffffff&quot;;s:23:&quot;econature_sixth_alternate&quot;;s:7:&quot;#00f76b&quot;;s:20:&quot;econature_sixth_border&quot;;s:0:&quot;&quot;;}</column>
            <column name="autoload">yes</column>
        </table>
        <table name="wp_options">
            <column name="option_id">159</column>
            <column name="option_name">cmsms_options_econature_color_third</column>
            <column name="option_value">a:7:{s:19:&quot;econature_third_color&quot;;s:7:&quot;#9c9c9c&quot;;s:18:&quot;econature_third_link&quot;;s:7:&quot;#ffffff&quot;;s:19:&quot;econature_third_hover&quot;;s:7:&quot;#e0f0f6&quot;;s:21:&quot;econature_third_heading&quot;;s:7:&quot;#ffffff&quot;;s:16:&quot;econature_third_bg&quot;;s:7:&quot;#3d3d3d&quot;;s:23:&quot;econature_third_alternate&quot;;s:7:&quot;#1f1f1f&quot;;s:20:&quot;econature_third_border&quot;;s:7:&quot;#333333&quot;;}</column>
            <column name="autoload">yes</column>
        </table>
        <table name="wp_options">
            <column name="option_id">140</column>
            <column name="option_name">cmsms_options_econature_error</column>
            <column name="option_value">a:5:{s:22:&quot;econature_error_bg_color&quot;;s:7:&quot;#353535&quot;;s:22:&quot;econature_error_bg_image&quot;;s:0:&quot;&quot;;s:20:&quot;econature_error_search&quot;;i:1;s:28:&quot;econature_error_sitemap_button&quot;;i:1;s:26:&quot;econature_error_sitemap_link&quot;;s:0:&quot;&quot;;}</column>
            <column name="autoload">yes</column>
        </table>
        <table name="wp_options">
            <column name="option_id">149</column>
            <column name="option_name">cmsms_options_econature_font_content</column>
            <column name="option_value">a:6:{s:32:&quot;econature_content_font_system_font&quot;;s:45:&quot;Arial, Helvetica, 'Nimbus Sans L', sans-serif&quot;;s:32:&quot;econature_content_font_google_font&quot;;s:0:&quot;&quot;;s:30:&quot;econature_content_font_font_size&quot;;s:2:&quot;14&quot;;s:32:&quot;econature_content_font_line_height&quot;;s:2:&quot;20&quot;;s:32:&quot;econature_content_font_font_weight&quot;;s:6:&quot;normal&quot;;s:31:&quot;econature_content_font_font_style&quot;;s:6:&quot;normal&quot;;}</column>
            <column name="autoload">yes</column>
        </table>
        <table name="wp_options">
            <column name="option_id">152</column>
            <column name="option_name">cmsms_options_econature_font_heading</column>
            <column name="option_value">a:48:{s:27:&quot;econature_h1_font_system_font&quot;;s:45:&quot;Arial, Helvetica, 'Nimbus Sans L', sans-serif&quot;;s:27:&quot;econature_h1_font_google_font&quot;;s:9:&quot;Questrial&quot;;s:25:&quot;econature_h1_font_font_size&quot;;s:2:&quot;28&quot;;s:27:&quot;econature_h1_font_line_height&quot;;s:2:&quot;40&quot;;s:27:&quot;econature_h1_font_font_weight&quot;;s:3:&quot;300&quot;;s:26:&quot;econature_h1_font_font_style&quot;;s:6:&quot;normal&quot;;s:30:&quot;econature_h1_font_text_transform&quot;;s:4:&quot;none&quot;;s:31:&quot;econature_h1_font_text_decoration&quot;;s:4:&quot;none&quot;;s:27:&quot;econature_h2_font_system_font&quot;;s:45:&quot;Arial, Helvetica, 'Nimbus Sans L', sans-serif&quot;;s:27:&quot;econature_h2_font_google_font&quot;;s:0:&quot;&quot;;s:25:&quot;econature_h2_font_font_size&quot;;s:2:&quot;22&quot;;s:27:&quot;econature_h2_font_line_height&quot;;s:2:&quot;36&quot;;s:27:&quot;econature_h2_font_font_weight&quot;;s:3:&quot;300&quot;;s:26:&quot;econature_h2_font_font_style&quot;;s:6:&quot;normal&quot;;s:30:&quot;econature_h2_font_text_transform&quot;;s:4:&quot;none&quot;;s:31:&quot;econature_h2_font_text_decoration&quot;;s:4:&quot;none&quot;;s:27:&quot;econature_h3_font_system_font&quot;;s:45:&quot;Arial, Helvetica, 'Nimbus Sans L', sans-serif&quot;;s:27:&quot;econature_h3_font_google_font&quot;;s:0:&quot;&quot;;s:25:&quot;econature_h3_font_font_size&quot;;s:2:&quot;18&quot;;s:27:&quot;econature_h3_font_line_height&quot;;s:2:&quot;30&quot;;s:27:&quot;econature_h3_font_font_weight&quot;;s:3:&quot;300&quot;;s:26:&quot;econature_h3_font_font_style&quot;;s:6:&quot;normal&quot;;s:30:&quot;econature_h3_font_text_transform&quot;;s:4:&quot;none&quot;;s:31:&quot;econature_h3_font_text_decoration&quot;;s:4:&quot;none&quot;;s:27:&quot;econature_h4_font_system_font&quot;;s:45:&quot;Arial, Helvetica, 'Nimbus Sans L', sans-serif&quot;;s:27:&quot;econature_h4_font_google_font&quot;;s:0:&quot;&quot;;s:25:&quot;econature_h4_font_font_size&quot;;s:2:&quot;16&quot;;s:27:&quot;econature_h4_font_line_height&quot;;s:2:&quot;26&quot;;s:27:&quot;econature_h4_font_font_weight&quot;;s:3:&quot;500&quot;;s:26:&quot;econature_h4_font_font_style&quot;;s:6:&quot;italic&quot;;s:30:&quot;econature_h4_font_text_transform&quot;;s:4:&quot;none&quot;;s:31:&quot;econature_h4_font_text_decoration&quot;;s:4:&quot;none&quot;;s:27:&quot;econature_h5_font_system_font&quot;;s:45:&quot;Arial, Helvetica, 'Nimbus Sans L', sans-serif&quot;;s:27:&quot;econature_h5_font_google_font&quot;;s:0:&quot;&quot;;s:25:&quot;econature_h5_font_font_size&quot;;s:2:&quot;15&quot;;s:27:&quot;econature_h5_font_line_height&quot;;s:2:&quot;20&quot;;s:27:&quot;econature_h5_font_font_weight&quot;;s:3:&quot;300&quot;;s:26:&quot;econature_h5_font_font_style&quot;;s:6:&quot;normal&quot;;s:30:&quot;econature_h5_font_text_transform&quot;;s:4:&quot;none&quot;;s:31:&quot;econature_h5_font_text_decoration&quot;;s:4:&quot;none&quot;;s:27:&quot;econature_h6_font_system_font&quot;;s:45:&quot;Arial, Helvetica, 'Nimbus Sans L', sans-serif&quot;;s:27:&quot;econature_h6_font_google_font&quot;;s:0:&quot;&quot;;s:25:&quot;econature_h6_font_font_size&quot;;s:2:&quot;14&quot;;s:27:&quot;econature_h6_font_line_height&quot;;s:2:&quot;20&quot;;s:27:&quot;econature_h6_font_font_weight&quot;;s:3:&quot;700&quot;;s:26:&quot;econature_h6_font_font_style&quot;;s:6:&quot;normal&quot;;s:30:&quot;econature_h6_font_text_transform&quot;;s:4:&quot;none&quot;;s:31:&quot;econature_h6_font_text_decoration&quot;;s:4:&quot;none&quot;;}</column>
            <column name="autoload">yes</column>
        </table>
        <table name="wp_options">
            <column name="option_id">150</column>
            <column name="option_name">cmsms_options_econature_font_link</column>
            <column name="option_value">a:9:{s:29:&quot;econature_link_font_system_font&quot;;s:45:&quot;Arial, Helvetica, 'Nimbus Sans L', sans-serif&quot;;s:29:&quot;econature_link_font_google_font&quot;;s:0:&quot;&quot;;s:27:&quot;econature_link_font_font_size&quot;;s:2:&quot;14&quot;;s:29:&quot;econature_link_font_line_height&quot;;s:2:&quot;20&quot;;s:29:&quot;econature_link_font_font_weight&quot;;s:6:&quot;normal&quot;;s:28:&quot;econature_link_font_font_style&quot;;s:6:&quot;normal&quot;;s:32:&quot;econature_link_font_text_transform&quot;;s:4:&quot;none&quot;;s:33:&quot;econature_link_font_text_decoration&quot;;s:4:&quot;none&quot;;s:29:&quot;econature_link_hover_decoration&quot;;s:4:&quot;none&quot;;}</column>
            <column name="autoload">yes</column>
        </table>
        <table name="wp_options">
            <column name="option_id">151</column>
            <column name="option_name">cmsms_options_econature_font_nav</column>
            <column name="option_value">a:14:{s:34:&quot;econature_nav_title_font_system_font&quot;;s:45:&quot;Arial, Helvetica, 'Nimbus Sans L', sans-serif&quot;;s:34:&quot;econature_nav_title_font_google_font&quot;;s:9:&quot;Questrial&quot;;s:32:&quot;econature_nav_title_font_font_size&quot;;s:2:&quot;16&quot;;s:34:&quot;econature_nav_title_font_line_height&quot;;s:2:&quot;20&quot;;s:34:&quot;econature_nav_title_font_font_weight&quot;;s:3:&quot;300&quot;;s:33:&quot;econature_nav_title_font_font_style&quot;;s:7:&quot;inherit&quot;;s:37:&quot;econature_nav_title_font_text_transform&quot;;s:4:&quot;none&quot;;s:37:&quot;econature_nav_dropdown_font_system_font&quot;;s:45:&quot;Arial, Helvetica, 'Nimbus Sans L', sans-serif&quot;;s:37:&quot;econature_nav_dropdown_font_google_font&quot;;s:0:&quot;&quot;;s:35:&quot;econature_nav_dropdown_font_font_size&quot;;s:2:&quot;13&quot;;s:37:&quot;econature_nav_dropdown_font_line_height&quot;;s:2:&quot;20&quot;;s:37:&quot;econature_nav_dropdown_font_font_weight&quot;;s:6:&quot;normal&quot;;s:36:&quot;econature_nav_dropdown_font_font_style&quot;;s:6:&quot;normal&quot;;s:40:&quot;econature_nav_dropdown_font_text_transform&quot;;s:4:&quot;none&quot;;}</column>
            <column name="autoload">yes</column>
        </table>
        <table name="wp_options">
            <column name="option_id">153</column>
            <column name="option_name">cmsms_options_econature_font_other</column>
            <column name="option_value">a:26:{s:31:&quot;econature_button_font_system_font&quot;;s:45:&quot;Arial, Helvetica, 'Nimbus Sans L', sans-serif&quot;;s:31:&quot;econature_button_font_google_font&quot;;s:44:&quot;Roboto+Condensed:400,400italic,700,700italic&quot;;s:29:&quot;econature_button_font_font_size&quot;;s:2:&quot;16&quot;;s:31:&quot;econature_button_font_line_height&quot;;s:2:&quot;44&quot;;s:31:&quot;econature_button_font_font_weight&quot;;s:6:&quot;normal&quot;;s:30:&quot;econature_button_font_font_style&quot;;s:6:&quot;normal&quot;;s:34:&quot;econature_button_font_text_transform&quot;;s:9:&quot;uppercase&quot;;s:30:&quot;econature_small_font_system_font&quot;;s:45:&quot;Arial, Helvetica, 'Nimbus Sans L', sans-serif&quot;;s:30:&quot;econature_small_font_google_font&quot;;s:0:&quot;&quot;;s:28:&quot;econature_small_font_font_size&quot;;s:2:&quot;11&quot;;s:30:&quot;econature_small_font_line_height&quot;;s:2:&quot;18&quot;;s:30:&quot;econature_small_font_font_weight&quot;;s:6:&quot;normal&quot;;s:29:&quot;econature_small_font_font_style&quot;;s:6:&quot;normal&quot;;s:33:&quot;econature_small_font_text_transform&quot;;s:4:&quot;none&quot;;s:30:&quot;econature_input_font_system_font&quot;;s:45:&quot;Arial, Helvetica, 'Nimbus Sans L', sans-serif&quot;;s:30:&quot;econature_input_font_google_font&quot;;s:0:&quot;&quot;;s:28:&quot;econature_input_font_font_size&quot;;s:2:&quot;13&quot;;s:30:&quot;econature_input_font_line_height&quot;;s:2:&quot;20&quot;;s:30:&quot;econature_input_font_font_weight&quot;;s:6:&quot;normal&quot;;s:29:&quot;econature_input_font_font_style&quot;;s:6:&quot;normal&quot;;s:30:&quot;econature_quote_font_system_font&quot;;s:45:&quot;Arial, Helvetica, 'Nimbus Sans L', sans-serif&quot;;s:30:&quot;econature_quote_font_google_font&quot;;s:62:&quot;Roboto:300,300italic,400,400italic,500,500italic,700,700italic&quot;;s:28:&quot;econature_quote_font_font_size&quot;;s:2:&quot;16&quot;;s:30:&quot;econature_quote_font_line_height&quot;;s:2:&quot;26&quot;;s:30:&quot;econature_quote_font_font_weight&quot;;s:6:&quot;normal&quot;;s:29:&quot;econature_quote_font_font_style&quot;;s:6:&quot;normal&quot;;}</column>
            <column name="autoload">yes</column>
        </table>
        <table name="wp_options">
            <column name="option_id">137</column>
            <column name="option_name">cmsms_options_econature_general</column>
            <column name="option_value">a:8:{s:20:&quot;econature_theme_layout&quot;;s:6:&quot;liquid&quot;;s:18:&quot;econature_responsive&quot;;i:1;s:14:&quot;econature_retina&quot;;i:1;s:15:&quot;econature_preload&quot;;i:0;s:18:&quot;econature_preload_bg&quot;;s:7:&quot;#ffffff&quot;;s:21:&quot;econature_preload_color&quot;;s:7:&quot;#dadada&quot;;s:22:&quot;econature_preload_effect&quot;;s:4:&quot;grow&quot;;s:26:&quot;econature_preload_percentage&quot;;i:0;}</column>
            <column name="autoload">yes</column>
        </table>
        <table name="wp_options">
            <column name="option_id">142</column>
            <column name="option_name">cmsms_options_econature_recaptcha</column>
            <column name="option_value">a:2:{s:28:&quot;econature_recaptcha_public_key&quot;;s:40:&quot;6LeSgMgSAAAAAD62njPwdal_y8cZQ3J1A4Y898PJ&quot;;s:29:&quot;econature_recaptcha_private_key&quot;;s:40:&quot;6LeSgMgSAAAAAGfi6rTXNk56wJPA8ZlE4mS0BV_x&quot;;}</column>
            <column name="autoload">yes</column>
        </table>
        <table name="wp_options">
            <column name="option_id">138</column>
            <column name="option_name">cmsms_options_econature_sidebar</column>
            <column name="option_value">a:1:{s:15:&quot;econature_sidebar&quot;;a:2:{i:0;s:7:&quot;Support&quot;;i:1;s:22:&quot;Presale question  page&quot;;}}</column>
            <column name="autoload">yes</column>
        </table>
        <table name="wp_options">
            <column name="option_id">154</column>
            <column name="option_name">cmsms_options_econature_single_post</column>
            <column name="option_value">a:13:{s:24:&quot;econature_blog_post_layout&quot;;s:9:&quot;r_sidebar&quot;;s:23:&quot;econature_blog_post_title&quot;;i:1;s:22:&quot;econature_blog_post_date&quot;;i:1;s:21:&quot;econature_blog_post_cat&quot;;i:1;s:24:&quot;econature_blog_post_author&quot;;i:1;s:25:&quot;econature_blog_post_comment&quot;;i:1;s:21:&quot;econature_blog_post_tag&quot;;i:1;s:22:&quot;econature_blog_post_like&quot;;i:1;s:25:&quot;econature_blog_post_nav_box&quot;;i:0;s:27:&quot;econature_blog_post_share_box&quot;;i:1;s:28:&quot;econature_blog_post_author_box&quot;;i:1;s:27:&quot;econature_blog_more_posts_box&quot;;a:3:{s:7:&quot;related&quot;;s:4:&quot;true&quot;;s:7:&quot;popular&quot;;s:4:&quot;true&quot;;s:6:&quot;recent&quot;;s:4:&quot;true&quot;;}s:30:&quot;econature_blog_post_r_p_l_number&quot;;s:1:&quot;4&quot;;}</column>
            <column name="autoload">yes</column>
        </table>
        <table name="wp_options">
            <column name="option_id">156</column>
            <column name="option_name">cmsms_options_econature_single_profile</column>
            <column name="option_value">a:10:{s:27:&quot;econature_profile_post_layout&quot;;s:9:&quot;r_sidebar&quot;;s:24:&quot;econature_profile_post_cat&quot;;i:1;s:28:&quot;econature_profile_post_comment&quot;;i:1;s:28:&quot;econature_profile_post_nav_box&quot;;i:1;s:30:&quot;econature_profile_post_share_box&quot;;i:1;s:46:&quot;econature_profile_post_more_profiles_box_popular&quot;;s:4:&quot;true&quot;;s:45:&quot;econature_profile_post_more_profiles_box_recent&quot;;s:4:&quot;true&quot;;s:31:&quot;econature_profile_post_p_l_number&quot;;s:1:&quot;4&quot;;s:30:&quot;econature_profile_post_read_more&quot;;s:9:&quot;Read More&quot;;s:25:&quot;econature_profile_post_slug&quot;;s:7:&quot;profile&quot;;}</column>
            <column name="autoload">yes</column>
        </table>
        <table name="wp_options">
            <column name="option_id">155</column>
            <column name="option_name">cmsms_options_econature_single_project</column>
            <column name="option_value">a:14:{s:31:&quot;econature_portfolio_project_title&quot;;i:1;s:30:&quot;econature_portfolio_project_date&quot;;i:0;s:29:&quot;econature_portfolio_project_cat&quot;;i:1;s:32:&quot;econature_portfolio_project_author&quot;;i:0;s:33:&quot;econature_portfolio_project_comment&quot;;i:0;s:29:&quot;econature_portfolio_project_tag&quot;;i:0;s:30:&quot;econature_portfolio_project_like&quot;;i:1;s:30:&quot;econature_portfolio_project_link&quot;;i:0;s:35:&quot;econature_portfolio_project_share_box&quot;;i:1;s:33:&quot;econature_portfolio_project_nav_box&quot;;i:0;s:36:&quot;econature_portfolio_project_author_box&quot;;i:0;s:35:&quot;econature_portfolio_more_projects_box&quot;;a:3:{s:7:&quot;related&quot;;s:4:&quot;true&quot;;s:7:&quot;popular&quot;;s:4:&quot;true&quot;;s:6:&quot;recent&quot;;s:4:&quot;true&quot;;}s:38:&quot;econature_portfolio_project_r_p_l_number&quot;;s:1:&quot;4&quot;;s:30:&quot;econature_portfolio_project_slug&quot;;s:7:&quot;project&quot;;}</column>
            <column name="autoload">yes</column>
        </table>
        <table name="wp_options">
            <column name="option_id">139</column>
            <column name="option_name">cmsms_options_econature_sitemap</column>
            <column name="option_value">a:6:{s:19:&quot;econature_sitemap_nav&quot;;i:1;s:22:&quot;econature_sitemap_categs&quot;;i:1;s:20:&quot;econature_sitemap_tags&quot;;i:1;s:21:&quot;econature_sitemap_month&quot;;i:1;s:25:&quot;econature_sitemap_pj_categs&quot;;i:1;s:23:&quot;econature_sitemap_pj_tags&quot;;i:1;}</column>
            <column name="autoload">yes</column>
        </table>
        <table name="wp_options">
            <column name="option_id">144</column>
            <column name="option_name">cmsms_options_econature_style_bg</column>
            <column name="option_value">a:6:{s:14:&quot;econature_bg_col&quot;;s:7:&quot;#dadada&quot;;s:21:&quot;econature_bg_img_enable&quot;;i:1;s:14:&quot;econature_bg_img&quot;;s:59:&quot;|http://cmsmasters.net/wp-content/themes/econature/img/bg.jpg&quot;;s:14:&quot;econature_bg_rep&quot;;s:6:&quot;repeat&quot;;s:14:&quot;econature_bg_pos&quot;;s:8:&quot;top left&quot;;s:14:&quot;econature_bg_att&quot;;s:6:&quot;scroll&quot;;}</column>
            <column name="autoload">yes</column>
        </table>
        <table name="wp_options">
            <column name="option_id">146</column>
            <column name="option_name">cmsms_options_econature_style_content</column>
            <column name="option_value">a:9:{s:14:&quot;econature_layout&quot;;s:9:&quot;r_sidebar&quot;;s:22:&quot;econature_heading_scheme&quot;;s:5:&quot;first&quot;;s:24:&quot;econature_heading_bg_image&quot;;s:0:&quot;&quot;;s:32:&quot;econature_heading_bg_color_overlay&quot;;s:9:&quot;#000000|0&quot;;s:22:&quot;econature_heading_height&quot;;s:2:&quot;70&quot;;s:18:&quot;econature_breadcrumb&quot;;i:1;s:21:&quot;econature_bottom_scheme&quot;;s:5:&quot;first&quot;;s:22:&quot;econature_bottom_sidebar&quot;;i:1;s:29:&quot;econature_bottom_sidebar_layout&quot;;s:8:&quot;14141414&quot;;}</column>
            <column name="autoload">yes</column>
        </table>
        <table name="wp_options">
            <column name="option_id">147</column>
            <column name="option_name">cmsms_options_econature_style_footer</column>
            <column name="option_value">a:11:{s:21:&quot;econature_footer_scheme&quot;;s:6:&quot;fourth&quot;;s:20:&quot;econature_fixed_footer&quot;;i:0;s:21:&quot;econature_footer_height&quot;;s:3:&quot;560&quot;;s:19:&quot;econature_footer_logo&quot;;i:0;s:24:&quot;econature_footer_logo_type&quot;;s:5:&quot;image&quot;;s:23:&quot;econature_footer_logo_url&quot;;s:0:&quot;&quot;;s:30:&quot;econature_footer_logo_url_retina&quot;;s:0:&quot;&quot;;s:18:&quot;econature_footer_nav&quot;;i:0;s:21:&quot;econature_footer_social&quot;;i:0;s:19:&quot;econature_footer_html&quot;;s:2338:&quot;[cmsms_row data_width=\&quot;boxed\&quot; data_padding=\&quot;0\&quot; data_color=\&quot;fourth\&quot;][cmsms_column data_width=\&quot;1/1\&quot;][cmsms_text]
&lt;h1 style=\&quot;text-align: center;padding-top: 50px\&quot;&gt;&lt;span style=\&quot;font-size: 48px\&quot;&gt;Stay connected!&lt;/span&gt;&lt;/h1&gt;
[/cmsms_text][cmsms_text]
&lt;p style=\&quot;text-align: center\&quot;&gt;&lt;a href=\&quot;http://cmsmasters.net/wp-content/uploads/2014/01/facebook.png\&quot;&gt;&lt;img class=\&quot;wp-image-58 alignnone\&quot; alt=\&quot;facebook\&quot; src=\&quot;http://cmsmasters.net/wp-content/uploads/2014/01/facebook.png\&quot; width=\&quot;150\&quot; height=\&quot;150\&quot; /&gt;&lt;/a&gt; &lt;a href=\&quot;http://cmsmasters.net/wp-content/uploads/2014/01/behance.png\&quot;&gt;&lt;img class=\&quot;wp-image-56 alignnone\&quot; alt=\&quot;behance\&quot; src=\&quot;http://cmsmasters.net/wp-content/uploads/2014/01/behance.png\&quot; width=\&quot;150\&quot; height=\&quot;150\&quot; /&gt;&lt;/a&gt; &lt;a href=\&quot;http://cmsmasters.net/wp-content/uploads/2014/01/twitter.png\&quot;&gt;&lt;img class=\&quot; wp-image-59 alignnone\&quot; alt=\&quot;twitter\&quot; src=\&quot;http://cmsmasters.net/wp-content/uploads/2014/01/twitter.png\&quot; width=\&quot;150\&quot; height=\&quot;150\&quot; /&gt;&lt;/a&gt; &lt;a href=\&quot;http://cmsmasters.net/wp-content/uploads/2014/01/dribble.png\&quot;&gt;&lt;img class=\&quot; wp-image-57 alignnone\&quot; alt=\&quot;dribble\&quot; src=\&quot;http://cmsmasters.net/wp-content/uploads/2014/01/dribble.png\&quot; width=\&quot;150\&quot; height=\&quot;150\&quot; /&gt;&lt;/a&gt; &lt;a href=\&quot;http://cmsmasters.net/wp-content/uploads/2014/01/vimeo.png\&quot;&gt;&lt;img class=\&quot;size-full wp-image-60 alignnone\&quot; alt=\&quot;vimeo\&quot; src=\&quot;http://cmsmasters.net/wp-content/uploads/2014/01/vimeo.png\&quot; width=\&quot;150\&quot; height=\&quot;150\&quot; /&gt;&lt;/a&gt;&lt;/p&gt;
[/cmsms_text][cmsms_text]




&lt;p style=\&quot;text-align: center\&quot;&gt;&lt;a href=\&quot;http://themeforest.net/user/cmsmasters/portfolio\&quot;&gt;Business WordPress Themes&lt;/a&gt;&lt;span style=\&quot;padding-right:40px\&quot;&gt;&lt;/span&gt;&lt;a href=\&quot;http://themeforest.net/user/cmsmasters/portfolio\&quot;&gt;Creative WordPress Themes&lt;/a&gt;&lt;span style=\&quot;padding-right:40px\&quot;&gt;&lt;/span&gt;&lt;a href=\&quot;http://themeforest.net/user/cmsmasters/portfolio\&quot;&gt;Agriculture WordPress Themes&lt;/a&gt; &lt;span style=\&quot;padding-right:40px\&quot;&gt;&lt;/span&gt;&lt;a href=\&quot;http://themeforest.net/user/cmsmasters/portfolio\&quot;&gt;Industrial WordPress Themes&lt;/a&gt;&lt;span style=\&quot;padding-right:40px\&quot;&gt;&lt;/span&gt;&lt;a href=\&quot;http://themeforest.net/user/cmsmasters/portfolio\&quot;&gt;Medical WordPress Themes&lt;/a&gt;&lt;/p&gt;
&lt;p&gt; &lt;/p&gt;


&lt;p style=\&quot;text-align: center;padding-bottom: 0\&quot;&gt;© 2014  |  &lt;a href=\&quot;http://cmsmasters.net/contacts/\&quot;&gt;Contact Us&lt;/a&gt;&lt;/p&gt;

[/cmsms_text][/cmsms_column][/cmsms_row]&quot;;s:24:&quot;econature_footer_copyright&quot;;s:0:&quot;&quot;;}</column>
            <column name="autoload">yes</column>
        </table>
        <table name="wp_options">
            <column name="option_id">145</column>
            <column name="option_name">cmsms_options_econature_style_header</column>
            <column name="option_value">a:11:{s:20:&quot;econature_fixed_header&quot;;i:1;s:23:&quot;econature_header_top_line&quot;;i:1;s:25:&quot;econature_header_top_height&quot;;s:1:&quot;1&quot;;s:34:&quot;econature_header_top_line_short_info&quot;;s:0:&quot;&quot;;s:32:&quot;econature_header_top_line_add_cont&quot;;s:4:&quot;none&quot;;s:21:&quot;econature_header_styles&quot;;s:7:&quot;default&quot;;s:25:&quot;econature_header_mid_height&quot;;s:3:&quot;100&quot;;s:25:&quot;econature_header_bot_height&quot;;s:2:&quot;45&quot;;s:21:&quot;econature_header_search&quot;;i:0;s:23:&quot;econature_header_add_cont&quot;;s:9:&quot;cust_html&quot;;s:33:&quot;econature_header_add_cont_cust_html&quot;;s:0:&quot;&quot;;}</column>
            <column name="autoload">yes</column>
        </table>
        <table name="wp_options">
            <column name="option_id">148</column>
            <column name="option_name">cmsms_options_econature_style_icon</column>
            <column name="option_value">a:1:{s:20:&quot;econature_social_icons&quot;;a:5:{i:0;s:27:&quot;icon-twitter|#|Twitter|true&quot;;i:1;s:27:&quot;icon-youtube|#|YouTube|true&quot;;i:2;s:23:&quot;icon-skype|#|Skype|true&quot;;i:3;s:25:&quot;icon-gplus|#|Google+|true&quot;;i:4;s:29:&quot;icon-facebook|#|Facebook|true&quot;;}}</column>
            <column name="autoload">yes</column>
        </table>
        <table name="wp_options">
            <column name="option_id">143</column>
            <column name="option_name">cmsms_options_econature_style_logo</column>
            <column name="option_value">a:10:{s:17:&quot;econature_logo_type&quot;;s:5:&quot;image&quot;;s:16:&quot;econature_logo_url&quot;;s:71:&quot;10|http://cmsmasters.net/wp-content/uploads/2014/01/logo-cmsmasters.png&quot;;s:23:&quot;econature_logo_url_retina&quot;;s:85:&quot;11|http://cmsmasters.net/wp-content/uploads/2014/01/logo-cmsmasters-retina-300x96.png&quot;;s:18:&quot;econature_logo_title&quot;;s:27:&quot;CMSMasters Official Website&quot;;s:21:&quot;econature_logo_subtitle&quot;;s:0:&quot;&quot;;s:25:&quot;econature_logo_custom_color&quot;;i:0;s:24:&quot;econature_logo_title_color&quot;;s:7:&quot;#393939&quot;;s:27:&quot;econature_logo_subtitle_color&quot;;s:7:&quot;#393939&quot;;s:15:&quot;econature_favicon&quot;;i:1;s:19:&quot;econature_favicon_url&quot;;s:59:&quot;12|http://cmsmasters.net/wp-content/uploads/2014/01/fav.gif&quot;;}</column>
            <column name="autoload">yes</column>
        </table>
        <table name="wp_options">
            <column name="option_id">133</column>
            <column name="option_name">current_theme</column>
            <column name="option_value">EcoNature</column>
            <column name="autoload">yes</column>
        </table>
        <table name="wp_options">
            <column name="option_id">98</column>
            <column name="option_name">sidebars_widgets</column>
            <column name="option_value">a:8:{s:19:&quot;wp_inactive_widgets&quot;;a:0:{}s:15:&quot;sidebar_default&quot;;a:6:{i:0;s:8:&quot;search-2&quot;;i:1;s:14:&quot;recent-posts-2&quot;;i:2;s:17:&quot;recent-comments-2&quot;;i:3;s:10:&quot;archives-2&quot;;i:4;s:12:&quot;categories-2&quot;;i:5;s:6:&quot;meta-2&quot;;}s:11:&quot;sidebar_top&quot;;a:0:{}s:14:&quot;sidebar_middle&quot;;a:0:{}s:14:&quot;sidebar_bottom&quot;;a:4:{i:0;s:8:&quot;search-3&quot;;i:1;s:10:&quot;archives-3&quot;;i:2;s:6:&quot;meta-3&quot;;i:3;s:7:&quot;pages-2&quot;;}s:7:&quot;support&quot;;a:2:{i:0;s:10:&quot;nav_menu-2&quot;;i:1;s:6:&quot;text-2&quot;;}s:21:&quot;presale-question-page&quot;;a:2:{i:0;s:10:&quot;nav_menu-3&quot;;i:1;s:6:&quot;text-3&quot;;}s:13:&quot;array_version&quot;;i:3;}</column>
            <column name="autoload">yes</column>
        </table>
        <table name="wp_options">
            <column name="option_id">45</column>
            <column name="option_name">stylesheet</column>
            <column name="option_value">econature</column>
            <column name="autoload">yes</column>
        </table>
        <table name="wp_options">
            <column name="option_id">44</column>
            <column name="option_name">template</column>
            <column name="option_value">econature</column>
            <column name="autoload">yes</column>
        </table>
        <table name="wp_options">
            <column name="option_id">134</column>
            <column name="option_name">theme_mods_econature</column>
            <column name="option_value">a:2:{i:0;b:0;s:18:&quot;nav_menu_locations&quot;;a:1:{s:7:&quot;primary&quot;;i:2;}}</column>
            <column name="autoload">yes</column>
        </table>
        <table name="wp_options">
            <column name="option_id">96</column>
            <column name="option_name">widget_archives</column>
            <column name="option_value">a:3:{i:2;a:3:{s:5:&quot;title&quot;;s:0:&quot;&quot;;s:5:&quot;count&quot;;i:0;s:8:&quot;dropdown&quot;;i:0;}i:3;a:3:{s:5:&quot;title&quot;;s:0:&quot;&quot;;s:5:&quot;count&quot;;i:0;s:8:&quot;dropdown&quot;;i:0;}s:12:&quot;_multiwidget&quot;;i:1;}</column>
            <column name="autoload">yes</column>
        </table>
        <table name="wp_options">
            <column name="option_id">82</column>
            <column name="option_name">widget_categories</column>
            <column name="option_value">a:2:{i:2;a:4:{s:5:&quot;title&quot;;s:0:&quot;&quot;;s:5:&quot;count&quot;;i:0;s:12:&quot;hierarchical&quot;;i:0;s:8:&quot;dropdown&quot;;i:0;}s:12:&quot;_multiwidget&quot;;i:1;}</column>
            <column name="autoload">yes</column>
        </table>
        <table name="wp_options">
            <column name="option_id">97</column>
            <column name="option_name">widget_meta</column>
            <column name="option_value">a:3:{i:2;a:1:{s:5:&quot;title&quot;;s:0:&quot;&quot;;}i:3;a:1:{s:5:&quot;title&quot;;s:0:&quot;&quot;;}s:12:&quot;_multiwidget&quot;;i:1;}</column>
            <column name="autoload">yes</column>
        </table>
        <table name="wp_options">
            <column name="option_id">429394</column>
            <column name="option_name">widget_nav_menu</column>
            <column name="option_value">a:3:{i:2;a:2:{s:5:&quot;title&quot;;s:0:&quot;&quot;;s:8:&quot;nav_menu&quot;;i:11;}i:3;a:2:{s:5:&quot;title&quot;;s:0:&quot;&quot;;s:8:&quot;nav_menu&quot;;i:11;}s:12:&quot;_multiwidget&quot;;i:1;}</column>
            <column name="autoload">yes</column>
        </table>
        <table name="wp_options">
            <column name="option_id">543528</column>
            <column name="option_name">widget_pages</column>
            <column name="option_value">a:2:{i:2;a:3:{s:5:&quot;title&quot;;s:0:&quot;&quot;;s:6:&quot;sortby&quot;;s:10:&quot;post_title&quot;;s:7:&quot;exclude&quot;;s:0:&quot;&quot;;}s:12:&quot;_multiwidget&quot;;i:1;}</column>
            <column name="autoload">yes</column>
        </table>
        <table name="wp_options">
            <column name="option_id">95</column>
            <column name="option_name">widget_recent-comments</column>
            <column name="option_value">a:2:{i:2;a:2:{s:5:&quot;title&quot;;s:0:&quot;&quot;;s:6:&quot;number&quot;;i:5;}s:12:&quot;_multiwidget&quot;;i:1;}</column>
            <column name="autoload">yes</column>
        </table>
        <table name="wp_options">
            <column name="option_id">94</column>
            <column name="option_name">widget_recent-posts</column>
            <column name="option_value">a:2:{i:2;a:2:{s:5:&quot;title&quot;;s:0:&quot;&quot;;s:6:&quot;number&quot;;i:5;}s:12:&quot;_multiwidget&quot;;i:1;}</column>
            <column name="autoload">yes</column>
        </table>
        <table name="wp_options">
            <column name="option_id">93</column>
            <column name="option_name">widget_search</column>
            <column name="option_value">a:3:{i:2;a:1:{s:5:&quot;title&quot;;s:0:&quot;&quot;;}i:3;a:1:{s:5:&quot;title&quot;;s:0:&quot;&quot;;}s:12:&quot;_multiwidget&quot;;i:1;}</column>
            <column name="autoload">yes</column>
        </table>
        <table name="wp_options">
            <column name="option_id">83</column>
            <column name="option_name">widget_text</column>
            <column name="option_value">a:3:{i:2;a:3:{s:5:&quot;title&quot;;s:12:&quot;Please Note!&quot;;s:4:&quot;text&quot;;s:688:&quot;It is recommended that before submitting a ticket you take a close look at theme documentation (Docs folder in the archive you have downloaded from Themeforest). It covers most of the questions you might face and might be really helpful, as there will be no need to wait for your ticket to be reviewed.  Also, you might want to take a look at our forum, as your question might have already been discussed there - visit forum.

Please note, that free support policy includes general theme usage questions and troubleshooting, while it does not include any customization, additional features integration or questions about third-party plugins compatibility. Appreciate your understanding!&quot;;s:6:&quot;filter&quot;;b:1;}i:3;a:3:{s:5:&quot;title&quot;;s:14:&quot;Ask Questions!&quot;;s:4:&quot;text&quot;;s:425:&quot;We are always glad to answer all your questions to help you choose a theme that will suit your needs best. Should you have any presale question or need a guide through our themes, please feel free to contact us here. 

Also, we are ready to help you with any license questions, so that you are quite sure about what you can do with the product you are purchasing, as well as what license type will be most suitable for you.&quot;;s:6:&quot;filter&quot;;b:1;}s:12:&quot;_multiwidget&quot;;i:1;}</column>
            <column name="autoload">yes</column>
        </table>
    </database>
</pma_xml_export>