<wpml-config>
    <admin-texts>
        <key name="cmsms_options_econature_style_header">
            <key name="econature_header_top_line_short_info" />
        </key>
        <key name="cmsms_options_econature_style_footer">
            <key name="econature_footer_html" />
            <key name="econature_footer_copyright" />
        </key>
        <key name="cmsms_options_econature_single_project">
            <key name="econature_portfolio_project_details_title" />
        </key>
        <key name="cmsms_options_econature_single_profile">
            <key name="econature_profile_post_details_title" />
        </key>
    </admin-texts>
</wpml-config>


